ID,Reino,Filo,Clase,Orden,Familia,Género,Especie
1,Bacteria,Proteobacteria,Alphaproteobacteria,Rhizobiales,Bradyrhizobiaceae,Bradyrhizobium,Bradyrhizobium japonicum
2,Bacteria,Firmicutes,Bacilli,Lactobacillales,Lactobacillaceae,Lactobacillus,Lactobacillus acidophilus
3,Bacteria,Actinobacteria,Actinobacteria,Actinomycetales,Mycobacteriaceae,Mycobacterium,Mycobacterium tuberculosis
4,Bacteria,Spirochaetes,Spirochaetes,Spirochaetales,Spirochaetaceae,Borrelia,Borrelia burgdorferi
5,Bacteria,Bacteroidetes,Bacteroidia,Bacteroidales,Bacteroidaceae,Bacteroides,Bacteroides fragilis
6,Bacteria,Proteobacteria,Gammaproteobacteria,Enterobacterales,Enterobacteriaceae,Escherichia,Escherichia coli
7,Bacteria,Firmicutes,Clostridia,Clostridiales,Clostridiaceae,Clostridium,Clostridium botulinum
8,Bacteria,Proteobacteria,Betaproteobacteria,Burkholderiales,Burkholderiaceae,Burkholderia,Burkholderia cepacia
9,Bacteria,Firmicutes,Bacilli,Lactobacillales,Streptococcaceae,Streptococcus,Streptococcus pneumoniae
10,Bacteria,Proteobacteria,Gammaproteobacteria,Pseudomonadales,Pseudomonadaceae,Pseudomonas,Pseudomonas aeruginosa
11,Bacteria,Actinobacteria,Actinobacteria,Actinomycetales,Nocardiaceae,Nocardia,Nocardia asteroides
12,Bacteria,Firmicutes,Bacilli,Bacillales,Bacillaceae,Bacillus,Bacillus subtilis
13,Bacteria,Proteobacteria,Epsilonproteobacteria,Campylobacterales,Helicobacteraceae,Helicobacter,Helicobacter pylori
14,Bacteria,Firmicutes,Clostridia,Clostridiales,Peptostreptococcaceae,Peptostreptococcus,Peptostreptococcus anaerobius
15,Bacteria,Bacteroidetes,Bacteroidia,Bacteroidales,Prevotellaceae,Prevotella,Prevotella melaninogenica
16,Bacteria,Proteobacteria,Gammaproteobacteria,Legionellales,Legionellaceae,Legionella,Legionella pneumophila
17,Bacteria,Firmicutes,Bacilli,Lactobacillales,Enterococcaceae,Enterococcus,Enterococcus faecalis
18,Bacteria,Proteobacteria,Alphaproteobacteria,Rhizobiales,Sinorhizobiaceae,Sinorhizobium,Sinorhizobium meliloti
19,Bacteria,Spirochaetes,Spirochaetes,Spirochaetales,Leptospiraceae,Leptospira,Leptospira interrogans
20,Bacteria,Actinobacteria,Actinobacteria,Actinomycetales,Corynebacteriaceae,Corynebacterium,Corynebacterium diphtheriae